counter,GAmin,GAmax,GAavg,GAamount,GAnumListings,daysSinceOnSale,hoursSinceOnSale,daysTillFest,hoursTillFest,totalAverage,totalListings
1,110,5000,415.72340579710146,771,138,47.00339553240741,1128,82.99660446759259,1992,320.2790059982859,1167
2,110,5000,415.72340579710146,771,138,47.00781337962963,1128,82.99218662037038,1992,319.94319931565434,1169
3,110,5000,415.7234057971014,771,138,47.04505268518518,1129,82.95494731481482,1991,319.7714529914527,1170
4,110,5000,415.72340579710135,771,138,47.04949771990741,1129,82.95050228009259,1991,319.771452991453,1170
5,110,5000,415.72340579710135,771,138,47.09116712962963,1130,82.90883287037038,1990,319.25626598465453,1173
6,110,5000,415.72340579710135,771,138,47.132824479166665,1131,82.86717552083333,1989,319.25626598465453,1173
7,109,5000,396.28999999999996,791,147,48.61738100694444,1167,81.38261899305556,1953,317.19197635135106,1184
8,109,5000,396.28999999999996,791,147,48.65904653935185,1168,81.34095346064815,1952,317.1953547297295,1184
9,109,5000,396.29,791,147,48.70071414351852,1169,81.29928585648148,1951,317.5265482233499,1182
10,109,5000,396.20836734693876,791,147,48.74238508101852,1170,81.25761491898149,1950,317.50032148900135,1182
11,109,5000,396.20836734693864,791,147,48.7840503125,1171,81.2159496875,1949,317.3122400676243,1183
12,109,5000,396.20836734693876,791,147,48.825714409722224,1172,81.17428559027778,1948,317.5265482233499,1182
13,109,5000,397.095,788,146,48.86741210648148,1173,81.13258789351852,1947,317.1449493243241,1184
14,109,5000,397.09499999999997,788,146,48.9090487962963,1174,81.09095120370371,1946,317.32427726119994,1183
15,109,5000,397.09499999999997,788,146,48.95071570601852,1175,81.04928429398149,1945,317.32005071851194,1183
16,109,5000,397.09499999999997,788,146,48.99238266203704,1176,81.00761733796297,1944,317.1559290540537,1184
17,109,5000,397.095,788,146,49.034048275462965,1177,80.96595172453704,1943,317.15592905405356,1184
18,109,5000,397.095,788,146,49.07577273148148,1178,80.92422726851852,1942,317.15592905405356,1184
19,109,5000,397.09499999999997,788,146,49.117448206018516,1179,80.88255179398148,1941,317.15592905405373,1184
20,109,5000,397.09499999999997,788,146,49.15907439814815,1180,80.84092560185185,1940,317.15592905405373,1184
21,109,5000,397.0949999999999,788,146,49.20073042824074,1181,80.79926957175925,1939,317.15592905405384,1184
22,109,5000,397.09499999999997,788,146,49.24240800925926,1182,80.75759199074074,1938,317.15592905405384,1184
23,109,5000,397.09499999999997,788,146,49.28406577546296,1183,80.71593422453704,1937,317.1542398648645,1184
24,109,5000,397.09499999999997,788,146,49.32580317129629,1184,80.6741968287037,1936,317.15423986486445,1184
25,109,5000,397.09499999999997,788,146,49.367405219907404,1185,80.63259478009259,1935,317.5335194585445,1182
26,109,5000,397.095,788,146,49.40906949074074,1186,80.59093050925927,1934,316.6185822784805,1185
27,109,5000,397.0949999999999,788,146,49.450743125,1187,80.549256875,1933,316.77788851351323,1184
28,109,5000,399.0542758620689,787,145,49.492404756944445,1188,80.50759524305556,1932,316.71939137785256,1183
29,109,5000,399.05427586206895,787,145,49.534108842592595,1189,80.46589115740741,1931,316.88921319796907,1182
30,109,5000,399.05427586206895,787,145,49.575735162037034,1190,80.42426483796297,1930,316.81645516074417,1182
31,109,5000,399.05427586206895,787,145,49.61740987268519,1191,80.38259012731481,1929,316.81645516074434,1182
32,108.75,5000,399.0301379310345,787,145,49.65910451388889,1192,80.34089548611111,1928,285.2337489325357,1171
33,108.75,5000,399.03013793103446,787,145,49.700745625,1193,80.299254375,1927,283.5484504657069,1181
34,107.75,5000,398.4384137931035,787,145,49.74241466435185,1194,80.25758533564814,1926,281.2082830820765,1194
35,107.75,5000,398.43841379310345,787,145,49.784078055555554,1195,80.21592194444445,1925,281.2082830820768,1194
36,107.75,5000,398.4384137931035,787,145,49.82573391203704,1196,80.17426608796296,1924,281.02149790794965,1195
37,107.75,5000,398.4384137931035,787,145,49.867436284722224,1197,80.13256371527778,1923,281.02149790794965,1195
38,107.75,5000,398.43841379310345,787,145,49.90911425925926,1198,80.09088574074075,1922,281.01982426778187,1195
39,107.75,5000,398.4384137931035,787,145,49.95076719907407,1199,80.04923280092592,1921,280.9110376569032,1195
40,107.75,5000,398.4384137931034,787,145,49.99242818287037,1200,80.00757181712963,1920,280.9110376569036,1195
41,107.75,5000,398.4384137931034,787,145,50.034089953703706,1201,79.9659100462963,1919,280.9026694560667,1195
42,107.75,5000,398.43841379310345,787,145,50.07622357638889,1202,79.92377642361112,1918,280.7346906354514,1196
43,107.75,5000,398.4384137931035,787,145,50.117413159722226,1203,79.88258684027778,1917,280.56281537176244,1197
44,107.75,5000,398.4384137931034,787,145,50.159084363425926,1204,79.84091563657407,1916,280.74723244147134,1196
45,107.75,5000,398.43841379310345,787,145,50.20078875,1205,79.79921125,1915,280.7472324414713,1196
46,107.7,5000,378.4915172413793,787,145,50.24246101851852,1206,79.75753898148149,1914,278.3289214046821,1196
47,107.7,5000,378.49151724137937,787,145,50.28408747685185,1207,79.71591252314815,1913,278.32892140468164,1196
48,106.7,5000,377.9944827586205,786,145,50.32574082175926,1208,79.67425917824075,1912,278.26866220735764,1196
49,106.7,5000,377.9944827586205,786,145,50.36741136574074,1209,79.63258863425926,1911,278.2375167224079,1196
50,106.7,5000,377.99448275862045,786,145,50.409072962962966,1210,79.59092703703703,1910,278.21010041840975,1195
51,106.7,5000,379.2297916666665,776,144,50.45075725694444,1211,79.54924274305556,1909,278.36701342281856,1192
52,106.7,5000,379.222847222222,776,144,50.49242486111111,1212,79.50757513888888,1908,278.3531825795644,1194
53,106.7,5000,379.222847222222,776,144,50.53409028935185,1213,79.46590971064815,1907,278.3531825795643,1194
54,106.7,5000,393.7808823529409,734,136,52.79423112268518,1267,77.20576887731481,1853,287.4697663971245,1113
55,106.7,5000,393.7808823529409,734,136,52.90026802083333,1270,77.09973197916666,1850,287.61497302158205,1112
56,106.7,5000,393.7808823529409,734,136,52.90585612268519,1270,77.09414387731482,1850,287.6149730215822,1112
58,106.7,5000,394.73762962962945,732,135,52.94192951388889,1271,77.0580704861111,1849,287.63567056705637,1111
59,106.7,5000,392.6439705882351,738,136,52.98360068287037,1272,77.01639931712963,1848,287.3510601976636,1113
60,106.7,5000,392.64397058823505,738,136,53.025274270833336,1273,76.97472572916666,1847,287.3510601976633,1113
61,106.7,5000,392.64397058823505,738,136,53.06694164351852,1274,76.93305835648148,1846,287.3510601976636,1113
62,106.7,5000,392.64397058823505,738,136,53.07362354166667,1274,76.92637645833334,1846,287.35106019766357,1113
63,106.7,5000,392.64397058823505,738,136,53.10862454861111,1275,76.89137545138888,1845,287.35106019766357,1113
64,106.7,5000,392.64397058823505,738,136,53.150270069444446,1276,76.84972993055555,1844,287.35106019766346,1113
65,106.7,5000,392.6439705882351,738,136,53.19193836805555,1277,76.80806163194444,1843,287.35106019766346,1113
66,106.7,5000,392.6439705882351,738,136,53.23360451388889,1278,76.76639548611111,1842,287.3510601976635,1113
67,106.7,5000,392.6439705882351,738,136,53.27526398148148,1279,76.72473601851851,1841,287.3510601976633,1113
68,106.7,5000,392.64397058823505,738,136,53.31693099537037,1280,76.68306900462963,1840,287.3508355795144,1113
69,106.7,5000,392.6439705882351,738,136,53.35863548611111,1281,76.64136451388889,1839,287.38677448337785,1113
70,106.7,5000,392.64397058823505,738,136,53.400278657407405,1282,76.59972134259259,1838,287.35532794249707,1113
71,104,5000,390.53708029197054,740,137,53.441942858796295,1283,76.5580571412037,1837,287.1907360861753,1114
72,104,5000,389.2755474452555,740,137,53.483610462962965,1284,76.51638953703704,1836,287.01163375224354,1114
74,103,5000,389.755294117647,734,136,53.56695516203704,1286,76.43304483796297,1834,289.4164695177428,1099
75,103,5000,389.7552941176471,734,136,53.60232516203704,1286,76.39767483796297,1834,289.75155109488986,1096
76,103,5000,389.7552941176471,734,136,53.60312158564815,1286,76.39687841435185,1834,289.75155109488986,1096
77,103,5000,389.75529411764705,734,136,53.603789016203706,1286,76.3962109837963,1834,289.7515510948901,1096
78,103,5000,389.75529411764705,734,136,53.604486180555554,1287,76.39551381944445,1833,289.7515510948901,1096
80,103,5000,389.75529411764705,734,136,53.60587461805556,1287,76.39412538194445,1833,289.74333941605795,1096
81,103,5000,389.75529411764705,734,136,53.60661549768518,1287,76.39338450231482,1833,289.74333941605795,1096
82,103,5000,389.755294117647,734,136,53.60730732638889,1287,76.39269267361111,1833,289.743339416058,1096
83,103,5000,389.755294117647,734,136,53.60801728009259,1287,76.3919827199074,1833,289.743339416058,1096
84,103,5000,389.7552941176471,734,136,53.6086168287037,1287,76.3913831712963,1833,289.7487956204375,1096
85,103,5000,389.75529411764705,734,136,53.60871295138889,1287,76.3912870486111,1833,289.7524543795616,1096
86,103,5000,389.75529411764705,734,136,53.609413171296296,1287,76.3905868287037,1833,289.7524543795616,1096
87,103,5000,389.755294117647,734,136,53.610133043981484,1287,76.38986695601852,1833,289.7524543795614,1096
88,103,5000,389.755294117647,734,136,53.61083070601852,1287,76.38916929398148,1833,289.7524543795614,1096
89,103,5000,389.7552941176471,734,136,53.61153002314815,1287,76.38846997685185,1833,289.75245437956147,1096
90,103,5000,389.7552941176471,734,136,53.61223486111111,1287,76.3877651388889,1833,289.75245437956147,1096
91,103,5000,389.755294117647,734,136,53.612959780092595,1287,76.3870402199074,1833,289.75245437956164,1096
92,103,5000,389.755294117647,734,136,53.6136675,1287,76.3863325,1833,289.75245437956164,1096
93,103,5000,389.755294117647,734,136,53.61442284722222,1287,76.38557715277778,1833,289.7524543795616,1096
94,103,5000,389.755294117647,734,136,53.61506898148148,1287,76.38493101851851,1833,289.7524543795616,1096
95,103,5000,389.75529411764705,734,136,53.615778391203705,1287,76.3842216087963,1833,289.75245437956164,1096
96,103,5000,389.75529411764705,734,136,53.616481400462966,1287,76.38351859953704,1833,289.75245437956164,1096
97,103,5000,389.755294117647,734,136,53.61719732638889,1287,76.38280267361111,1833,289.7524543795616,1096
98,103,5000,389.755294117647,734,136,53.617899351851854,1287,76.38210064814815,1833,289.7524543795616,1096
99,103,5000,389.75529411764705,734,136,53.618606585648145,1287,76.38139341435185,1833,289.75245437956164,1096
100,103,5000,389.75529411764705,734,136,53.619314270833335,1287,76.38068572916667,1833,289.75245437956164,1096
101,103,5000,389.755294117647,734,136,53.620040393518515,1287,76.37995960648148,1833,289.7524543795616,1096
102,103,5000,389.755294117647,734,136,53.62073715277778,1287,76.37926284722222,1833,289.7524543795616,1096
103,103,5000,389.755294117647,734,136,53.62218403935185,1287,76.37781596064815,1833,289.7524543795614,1096
104,103,5000,389.70382352941175,734,136,53.6502847337963,1288,76.3497152662037,1832,289.9513150684926,1095
105,103,5000,389.7038235294117,734,136,53.691954143518515,1289,76.30804585648148,1831,289.56113739763356,1099
106,103,5000,389.7038235294117,734,136,53.6926271412037,1289,76.3073728587963,1831,289.5611373976338,1099
107,102.97,5000,387.6108759124087,736,137,53.69952096064815,1289,76.30047903935186,1831,289.2721707538594,1101
109,102.97,5000,387.6108759124088,736,137,53.71078130787037,1289,76.28921869212962,1831,289.27217075385965,1101
110,102.97,5000,387.6108759124088,736,137,53.7146827662037,1289,76.28531723379629,1831,289.2721707538595,1101
111,102.97,5000,387.61087591240874,736,137,53.7336081712963,1290,76.2663918287037,1830,289.2721707538595,1101
112,102.97,5000,387.61087591240874,733,137,53.77529012731482,1291,76.22470987268518,1829,288.4567058823524,1105
113,102.97,5000,387.61087591240874,733,137,53.77569570601852,1291,76.22430429398148,1829,288.4567058823524,1105
114,102.97,5000,387.61087591240874,733,137,53.79665290509259,1291,76.20334709490741,1829,287.82327632763224,1111
115,102.97,5000,387.6108759124088,733,137,53.81694821759259,1292,76.1830517824074,1828,287.82327632763213,1111
116,102.97,5000,387.6108759124088,733,137,53.817339375,1292,76.182660625,1828,287.82327632763213,1111
117,102.97,5000,387.61087591240874,733,137,53.838161666666664,1292,76.16183833333334,1828,287.79897389738903,1111
118,102.97,5000,387.6108759124087,733,137,53.85862021990741,1293,76.14137978009259,1827,287.79897389738926,1111
119,102.97,5000,387.6108759124087,733,137,53.859005324074076,1293,76.14099467592592,1827,287.79897389738926,1111
120,102.97,5000,387.61087591240874,733,137,53.879847824074076,1293,76.12015217592592,1827,287.7989738973891,1111
121,102.97,5000,387.61087591240874,733,137,53.900286666666666,1294,76.09971333333333,1826,288.11320720720664,1110
122,102.97,5000,387.61087591240874,733,137,53.900685868055554,1294,76.09931413194444,1826,288.11320720720664,1110
123,102.97,5000,387.61087591240874,733,137,53.921617025462965,1294,76.07838297453704,1826,288.11320720720653,1110
124,102.97,5000,387.6108759124088,733,137,53.9419525,1295,76.0580475,1825,288.11320720720653,1110
125,102.97,5000,387.6108759124088,733,137,53.9423581712963,1295,76.05764182870371,1825,288.11320720720653,1110
126,102.97,5000,387.6108759124088,733,137,53.963194351851854,1295,76.03680564814815,1825,287.93937893789337,1111
127,103,5000,387.7349635036496,733,137,53.98362006944444,1296,76.01637993055556,1824,287.9546804680463,1111
128,103,5000,387.7349635036496,733,137,53.98400783564815,1296,76.01599216435186,1824,287.9546804680463,1111
129,103,5000,387.7349635036496,733,137,54.00484837962963,1296,75.99515162037036,1824,288.13019801980147,1111
130,103,5000,387.7349635036496,733,137,54.02528528935185,1297,75.97471471064814,1823,288.1301980198013,1111
131,103,5000,387.7349635036496,733,137,54.025690671296296,1297,75.9743093287037,1823,288.1301980198013,1111
132,103,5000,387.7349635036496,733,137,54.04654430555556,1297,75.95345569444444,1823,288.13019801980147,1111
133,103,5000,387.7349635036496,733,137,54.06695496527778,1298,75.93304503472223,1822,288.13019801980147,1111
134,103,5000,387.7349635036496,733,137,54.06735646990741,1298,75.93264353009259,1822,288.13019801980147,1111
135,103,5000,387.7349635036496,731,137,54.088219270833335,1298,75.91178072916667,1822,288.13019801980147,1111
136,103,5000,387.7349635036496,731,137,54.10862466435185,1299,75.89137533564815,1821,288.648649864986,1111
137,103,5000,387.7349635036496,731,137,54.109115914351854,1299,75.89088408564815,1821,288.64864986498594,1111
138,103,5000,387.7349635036496,731,137,54.12988803240741,1299,75.87011196759259,1821,288.6486498649858,1111
139,103,5000,387.7349635036496,731,137,54.15030400462963,1300,75.84969599537037,1820,288.64864986498577,1111
140,103,5000,387.7349635036496,731,137,54.15072186342593,1300,75.84927813657407,1820,288.64864986498606,1111
141,103,5000,387.7349635036496,731,137,54.17154025462963,1300,75.82845974537037,1820,288.648649864986,1111
142,103,5000,387.7349635036496,731,137,54.19201792824074,1301,75.80798207175926,1819,288.648649864986,1111
143,103,5000,387.73496350364957,731,137,54.1923922337963,1301,75.8076077662037,1819,288.648649864986,1111
144,103,5000,387.73496350364957,731,137,54.21322670138889,1301,75.78677329861111,1819,288.64864986498606,1111
145,103,5000,387.73496350364957,731,137,54.23365753472222,1302,75.76634246527777,1818,288.64864986498594,1111
146,103,5000,387.73496350364957,731,137,54.23406086805556,1302,75.76593913194445,1818,288.64864986498594,1111
147,103,5000,387.7349635036496,731,137,54.25489009259259,1302,75.74510990740741,1818,287.95738073807325,1111
148,103,5000,387.7349635036496,731,137,54.27528644675926,1303,75.72471355324075,1817,288.13019801980147,1111
149,103,5000,387.7349635036496,731,137,54.275730243055555,1303,75.72426975694444,1817,288.13019801980147,1111
150,103,5000,387.73496350364957,731,137,54.296554560185186,1303,75.70344543981481,1817,288.1301980198013,1111
151,103,5000,387.7349635036496,731,137,54.31695321759259,1304,75.6830467824074,1816,288.13019801980147,1111
152,103,5000,387.7349635036496,731,137,54.31739857638889,1304,75.68260142361112,1816,288.13019801980147,1111
153,103,5000,387.73496350364957,731,137,54.33823892361111,1304,75.66176107638888,1816,288.1301980198013,1111
154,103,5000,387.7349635036496,731,137,54.35862181712963,1305,75.64137818287037,1815,288.1050900900896,1110
155,103,5000,387.7349635036496,731,137,54.35902736111111,1305,75.64097263888888,1815,288.10509009008956,1110
156,103,5000,387.7349635036496,731,137,54.37989540509259,1305,75.6201045949074,1815,288.1050900900895,1110
157,103,5000,387.7349635036496,731,137,54.400290347222224,1306,75.59970965277778,1814,287.9200270026996,1111
158,103,5000,387.7349635036496,731,137,54.40071081018519,1306,75.59928918981481,1814,287.9200270026996,1111
159,103,5000,387.73496350364957,731,137,54.4215578125,1306,75.5784421875,1814,288.43847884788414,1111
160,103,5000,387.7349635036496,731,137,54.44195576388889,1307,75.55804423611112,1813,288.4384788478843,1111
161,103,5000,387.7349635036496,731,137,54.44237976851852,1307,75.55762023148148,1813,288.4384788478843,1111
162,103,5000,387.7349635036496,731,137,54.46323423611111,1307,75.5367657638889,1813,287.6883647798736,1113
163,103,5000,387.7276642335766,731,137,54.483627569444444,1308,75.51637243055555,1812,288.24811320754674,1113
164,103,5000,387.7276642335766,731,137,54.48405184027778,1308,75.51594815972223,1812,288.24811320754674,1113
165,103,5000,385.93253623188406,733,138,54.504893761574074,1308,75.49510623842592,1812,288.1105475763011,1114
166,103,5000,385.93253623188406,733,138,54.52529428240741,1309,75.4747057175926,1811,287.82719534050113,1116
167,103,5000,385.93253623188406,733,138,54.525748969907404,1309,75.47425103009259,1811,287.82719534050113,1116
168,103,5000,385.93253623188394,733,138,54.54659680555555,1309,75.45340319444445,1811,287.8271953405012,1116
169,103,5000,385.932536231884,733,138,54.56696010416667,1310,75.43303989583333,1810,287.82271505376286,1116
170,103,5000,385.932536231884,733,138,54.567418912037034,1310,75.43258108796296,1810,287.82271505376286,1116
171,103,5000,386.89729927007295,730,137,54.58826880787037,1310,75.41173119212964,1810,287.85326457399054,1115
172,103,5000,386.8972992700729,730,137,54.60862326388889,1311,75.39137673611111,1809,287.8532645739906,1115
173,103,5000,386.8972992700729,730,137,54.609111284722225,1311,75.39088871527778,1809,287.8532645739906,1115
174,103,5000,386.89729927007306,730,137,54.62991931712963,1311,75.37008068287037,1809,287.8818581687607,1114
175,103,5000,386.89729927007306,730,137,54.6502934375,1312,75.3497065625,1808,287.8818581687606,1114
176,103,5000,386.89729927007306,730,137,54.65075099537037,1312,75.34924900462963,1808,287.8818581687606,1114
177,103,5000,386.89729927007306,730,137,54.671574004629626,1312,75.32842599537037,1808,287.8818581687606,1114
178,103,5000,386.4270289855072,736,138,54.69199802083333,1313,75.30800197916666,1807,287.9034887892372,1115
179,103,5000,386.4270289855072,736,138,54.69242241898148,1313,75.30757758101852,1807,287.9034887892372,1115
180,103,5000,386.42702898550726,736,138,54.713241805555555,1313,75.28675819444445,1807,287.9007982062774,1115
181,103,5000,386.42702898550715,736,138,54.73363195601852,1314,75.26636804398149,1806,287.90079820627744,1115
182,103,5000,386.42702898550715,736,138,54.734079039351855,1314,75.26592096064815,1806,287.90079820627744,1115
183,103,5000,386.42702898550726,736,138,54.75491331018519,1314,75.24508668981481,1806,287.90079820627756,1115
184,103,5000,386.4270289855072,736,138,54.77528909722222,1315,75.22471090277777,1805,287.9294344703766,1114
185,103,5000,386.4270289855072,736,138,54.77574364583333,1315,75.22425635416667,1805,287.9294344703766,1114
186,103,5000,386.4270289855073,736,138,54.79660893518518,1315,75.20339106481481,1805,287.9294344703764,1114
187,103,5000,386.42702898550726,736,138,54.81696207175926,1316,75.18303792824074,1804,287.92943447037635,1114
188,103,5000,386.42702898550726,736,138,54.81742221064815,1316,75.18257778935185,1804,287.92943447037635,1114
189,103,5000,386.4270289855072,736,138,54.83828019675926,1316,75.16171980324074,1804,288.0517027027022,1110
190,NO DATA,NO DATA,NO DATA,NO DATA,NO DATA,54.85862719907407,1317,75.14137280092592,1803,288.6178933092219,1106
191,NO DATA,NO DATA,NO DATA,NO DATA,NO DATA,54.85909153935185,1317,75.14090846064815,1803,288.6178933092219,1106
192,NO DATA,NO DATA,NO DATA,NO DATA,NO DATA,54.87992876157407,1317,75.12007123842592,1803,288.27742779783347,1108
193,NO DATA,NO DATA,NO DATA,NO DATA,NO DATA,54.900297349537034,1318,75.09970265046296,1802,288.2774277978333,1108
194,NO DATA,NO DATA,NO DATA,NO DATA,NO DATA,54.90074328703704,1318,75.09925671296297,1802,288.2774277978333,1108
195,NO DATA,NO DATA,NO DATA,NO DATA,NO DATA,54.9215828587963,1318,75.0784171412037,1802,288.44480578139047,1107
196,NO DATA,NO DATA,NO DATA,NO DATA,NO DATA,54.941978078703706,1319,75.0580219212963,1801,288.4448057813905,1107
197,NO DATA,NO DATA,NO DATA,NO DATA,NO DATA,54.94245364583333,1319,75.05754635416666,1801,288.4448057813905,1107
198,NO DATA,NO DATA,NO DATA,NO DATA,NO DATA,54.96327834490741,1319,75.03672165509259,1801,288.4448057813906,1107
199,NO DATA,NO DATA,NO DATA,NO DATA,NO DATA,54.98362090277778,1320,75.01637909722223,1800,288.4448057813906,1107
200,NO DATA,NO DATA,NO DATA,NO DATA,NO DATA,54.9841146412037,1320,75.0158853587963,1800,288.4448057813906,1107
201,NO DATA,NO DATA,NO DATA,NO DATA,NO DATA,55.00495980324074,1320,74.99504019675926,1800,288.4448057813905,1107
202,NO DATA,NO DATA,NO DATA,NO DATA,NO DATA,55.02528747685185,1321,74.97471252314814,1799,288.4448057813907,1107
203,NO DATA,NO DATA,NO DATA,NO DATA,NO DATA,55.02575648148148,1321,74.97424351851852,1799,288.4448057813907,1107
204,NO DATA,NO DATA,NO DATA,NO DATA,NO DATA,55.046594282407405,1321,74.95340571759259,1799,288.4448057813905,1107
205,NO DATA,NO DATA,NO DATA,NO DATA,NO DATA,55.066968877314814,1322,74.93303112268518,1798,288.4448057813907,1107
206,NO DATA,NO DATA,NO DATA,NO DATA,NO DATA,55.06745394675926,1322,74.93254605324074,1798,288.4448057813907,1107
207,NO DATA,NO DATA,NO DATA,NO DATA,NO DATA,55.088261539351855,1322,74.91173846064815,1798,288.4448057813907,1107
208,NO DATA,NO DATA,NO DATA,NO DATA,NO DATA,55.10863197916667,1323,74.89136802083334,1797,288.4448057813907,1107
209,NO DATA,NO DATA,NO DATA,NO DATA,NO DATA,55.10911478009259,1323,74.8908852199074,1797,288.44480578139047,1107
210,NO DATA,NO DATA,NO DATA,NO DATA,NO DATA,55.12994899305556,1323,74.87005100694445,1797,288.4312556458893,1107
211,NO DATA,NO DATA,NO DATA,NO DATA,NO DATA,55.15029336805556,1324,74.84970663194444,1796,288.43125564588934,1107
212,NO DATA,NO DATA,NO DATA,NO DATA,NO DATA,55.150781342592595,1324,74.8492186574074,1796,288.43125564588934,1107
213,NO DATA,NO DATA,NO DATA,NO DATA,NO DATA,55.17164701388889,1324,74.82835298611111,1796,288.43125564588934,1107
214,NO DATA,NO DATA,NO DATA,NO DATA,NO DATA,55.19196142361111,1325,74.8080385763889,1795,288.4312556458893,1107
215,NO DATA,NO DATA,NO DATA,NO DATA,NO DATA,55.19243652777778,1325,74.80756347222223,1795,288.4312556458893,1107
216,NO DATA,NO DATA,NO DATA,NO DATA,NO DATA,55.21330228009259,1325,74.78669771990741,1795,288.43125564588934,1107
217,NO DATA,NO DATA,NO DATA,NO DATA,NO DATA,55.23363642361111,1326,74.76636357638888,1794,288.43125564588934,1107
218,NO DATA,NO DATA,NO DATA,NO DATA,NO DATA,55.2341278125,1326,74.7658721875,1794,288.43125564588934,1107
219,NO DATA,NO DATA,NO DATA,NO DATA,NO DATA,55.25500418981481,1326,74.74499581018519,1794,288.43125564588934,1107
220,NO DATA,NO DATA,NO DATA,NO DATA,NO DATA,55.27529501157407,1327,74.72470498842593,1793,288.43125564588934,1107
221,NO DATA,NO DATA,NO DATA,NO DATA,NO DATA,55.27577934027778,1327,74.72422065972222,1793,288.43125564588934,1107
222,NO DATA,NO DATA,NO DATA,NO DATA,NO DATA,55.29675627314815,1327,74.70324372685185,1793,288.43125564588917,1107
223,NO DATA,NO DATA,NO DATA,NO DATA,NO DATA,55.31697008101852,1328,74.68302991898148,1792,288.43125564588934,1107
224,NO DATA,NO DATA,NO DATA,NO DATA,NO DATA,55.31747260416667,1328,74.68252739583333,1792,288.43125564588934,1107
225,NO DATA,NO DATA,NO DATA,NO DATA,NO DATA,55.338310185185186,1328,74.66168981481482,1792,288.4312556458892,1107
226,NO DATA,NO DATA,NO DATA,NO DATA,NO DATA,55.35864049768519,1329,74.64135950231481,1791,288.4312556458891,1107
227,NO DATA,NO DATA,NO DATA,NO DATA,NO DATA,55.35914577546296,1329,74.64085422453704,1791,288.43125564588917,1107
228,NO DATA,NO DATA,NO DATA,NO DATA,NO DATA,55.3799690625,1329,74.6200309375,1791,288.4312556458893,1107
229,NO DATA,NO DATA,NO DATA,NO DATA,NO DATA,55.40030453703704,1330,74.59969546296297,1790,288.43125564588917,1107
230,NO DATA,NO DATA,NO DATA,NO DATA,NO DATA,55.400825590277776,1330,74.59917440972222,1790,288.43125564588917,1107
231,NO DATA,NO DATA,NO DATA,NO DATA,NO DATA,55.421644594907406,1330,74.5783554050926,1790,288.4310298102976,1107
232,NO DATA,NO DATA,NO DATA,NO DATA,NO DATA,55.44201092592593,1331,74.55798907407407,1789,288.4310298102977,1107
233,NO DATA,NO DATA,NO DATA,NO DATA,NO DATA,55.442475474537034,1331,74.55752452546297,1789,288.4310298102977,1107
234,NO DATA,NO DATA,NO DATA,NO DATA,NO DATA,55.46331260416667,1331,74.53668739583334,1789,288.43102981029756,1107
236,NO DATA,NO DATA,NO DATA,NO DATA,NO DATA,55.4841293287037,1332,74.5158706712963,1788,288.4129629629625,1107
237,NO DATA,NO DATA,NO DATA,NO DATA,NO DATA,55.50497662037037,1332,74.49502337962963,1788,288.4129629629625,1107
238,NO DATA,NO DATA,NO DATA,NO DATA,NO DATA,55.52530739583333,1333,74.47469260416666,1787,288.4129629629625,1107
239,NO DATA,NO DATA,NO DATA,NO DATA,NO DATA,55.5257974537037,1333,74.4742025462963,1787,288.4129629629625,1107
240,NO DATA,NO DATA,NO DATA,NO DATA,NO DATA,55.54664833333333,1333,74.45335166666666,1787,288.4129629629625,1107
241,NO DATA,NO DATA,NO DATA,NO DATA,NO DATA,55.566976921296295,1334,74.4330230787037,1786,288.4129629629625,1107
242,NO DATA,NO DATA,NO DATA,NO DATA,NO DATA,55.567505115740744,1334,74.43249488425926,1786,288.4129629629625,1107
243,NO DATA,NO DATA,NO DATA,NO DATA,NO DATA,55.588313668981485,1334,74.41168633101852,1786,288.5091772151894,1106
244,NO DATA,NO DATA,NO DATA,NO DATA,NO DATA,55.60864114583333,1335,74.39135885416667,1785,288.5091772151892,1106
245,NO DATA,NO DATA,NO DATA,NO DATA,NO DATA,55.609137268518516,1335,74.39086273148148,1785,288.5091772151892,1106
246,NO DATA,NO DATA,NO DATA,NO DATA,NO DATA,55.62999163194444,1335,74.37000836805555,1785,288.5227396021695,1106
247,NO DATA,NO DATA,NO DATA,NO DATA,NO DATA,55.65030097222222,1336,74.34969902777777,1784,288.5227396021695,1106
248,NO DATA,NO DATA,NO DATA,NO DATA,NO DATA,55.65080702546296,1336,74.34919297453703,1784,288.5227396021695,1106
249,NO DATA,NO DATA,NO DATA,NO DATA,NO DATA,55.67165834490741,1336,74.32834165509259,1784,288.5227396021695,1106
250,NO DATA,NO DATA,NO DATA,NO DATA,NO DATA,55.69197615740741,1337,74.30802384259259,1783,288.5227396021694,1106
251,NO DATA,NO DATA,NO DATA,NO DATA,NO DATA,55.69249266203704,1337,74.30750733796296,1783,288.52273960216934,1106
252,NO DATA,NO DATA,NO DATA,NO DATA,NO DATA,55.71335016203704,1337,74.28664983796297,1783,288.5209312839055,1106
253,NO DATA,NO DATA,NO DATA,NO DATA,NO DATA,55.73365077546296,1338,74.26634922453704,1782,288.65533936651536,1105
254,NO DATA,NO DATA,NO DATA,NO DATA,NO DATA,55.7341515625,1338,74.2658484375,1782,288.65533936651536,1105
255,NO DATA,NO DATA,NO DATA,NO DATA,NO DATA,55.755012800925925,1338,74.24498719907407,1782,288.65533936651525,1105
256,NO DATA,NO DATA,NO DATA,NO DATA,NO DATA,55.77530950231481,1339,74.22469049768519,1781,288.65533936651536,1105
257,NO DATA,NO DATA,NO DATA,NO DATA,NO DATA,55.77585623842592,1339,74.22414376157407,1781,288.65533936651536,1105
258,NO DATA,NO DATA,NO DATA,NO DATA,NO DATA,55.79668908564815,1339,74.20331091435185,1781,288.65533936651536,1105
259,NO DATA,NO DATA,NO DATA,NO DATA,NO DATA,55.81698341435185,1340,74.18301658564815,1780,288.65533936651536,1105
260,NO DATA,NO DATA,NO DATA,NO DATA,NO DATA,55.817504791666664,1340,74.18249520833334,1780,288.65533936651536,1105
261,NO DATA,NO DATA,NO DATA,NO DATA,NO DATA,55.838337743055554,1340,74.16166225694444,1780,288.5118896925852,1106
262,NO DATA,NO DATA,NO DATA,NO DATA,NO DATA,55.85865275462963,1341,74.14134724537037,1779,288.6833936651579,1105
263,NO DATA,NO DATA,NO DATA,NO DATA,NO DATA,55.85919983796296,1341,74.14080016203704,1779,288.6833936651579,1105
264,NO DATA,NO DATA,NO DATA,NO DATA,NO DATA,55.88002326388889,1341,74.11997673611111,1779,288.6915475113118,1105
265,NO DATA,NO DATA,NO DATA,NO DATA,NO DATA,55.900307777777776,1342,74.09969222222222,1778,288.6915475113116,1105
266,NO DATA,NO DATA,NO DATA,NO DATA,NO DATA,55.90083928240741,1342,74.0991607175926,1778,288.6915475113116,1105
267,NO DATA,NO DATA,NO DATA,NO DATA,NO DATA,55.921669386574074,1342,74.07833061342592,1778,288.84706521739065,1104
268,NO DATA,NO DATA,NO DATA,NO DATA,NO DATA,55.9419787962963,1343,74.0580212037037,1777,288.84706521739065,1104
269,NO DATA,NO DATA,NO DATA,NO DATA,NO DATA,55.942496087962965,1343,74.05750391203703,1777,288.84706521739065,1104
270,NO DATA,NO DATA,NO DATA,NO DATA,NO DATA,55.96335045138889,1343,74.03664954861111,1777,288.84706521739065,1104
271,NO DATA,NO DATA,NO DATA,NO DATA,NO DATA,55.98365362268518,1344,74.01634637731482,1776,288.8407246376807,1104
272,NO DATA,NO DATA,NO DATA,NO DATA,NO DATA,55.984170532407404,1344,74.0158294675926,1776,288.8407246376807,1104
273,NO DATA,NO DATA,NO DATA,NO DATA,NO DATA,56.005062118055555,1344,73.99493788194444,1776,289.0458114233903,1103
274,NO DATA,NO DATA,NO DATA,NO DATA,NO DATA,56.025329375,1345,73.974670625,1775,289.0458114233901,1103
275,NO DATA,NO DATA,NO DATA,NO DATA,NO DATA,56.025910474537035,1345,73.97408952546296,1775,289.0458114233901,1103
276,NO DATA,NO DATA,NO DATA,NO DATA,NO DATA,56.04671342592592,1345,73.95328657407407,1775,289.04581142339015,1103
277,NO DATA,NO DATA,NO DATA,NO DATA,NO DATA,56.066979375,1346,73.933020625,1774,289.04581142339026,1103
278,NO DATA,NO DATA,NO DATA,NO DATA,NO DATA,56.06750673611111,1346,73.93249326388889,1774,289.04581142339026,1103
279,NO DATA,NO DATA,NO DATA,NO DATA,NO DATA,56.08836347222222,1346,73.91163652777777,1774,289.0458114233903,1103
280,NO DATA,NO DATA,NO DATA,NO DATA,NO DATA,56.10869556712963,1347,73.89130443287037,1773,289.0458114233901,1103
281,NO DATA,NO DATA,NO DATA,NO DATA,NO DATA,56.10917775462963,1347,73.89082224537037,1773,289.0458114233901,1103
282,NO DATA,NO DATA,NO DATA,NO DATA,NO DATA,56.13005365740741,1347,73.8699463425926,1773,289.04581142339015,1103
283,NO DATA,NO DATA,NO DATA,NO DATA,NO DATA,56.150349166666665,1348,73.84965083333333,1772,289.25728675136054,1102
284,NO DATA,NO DATA,NO DATA,NO DATA,NO DATA,56.15085207175926,1348,73.84914792824074,1772,289.25728675136054,1102
285,NO DATA,NO DATA,NO DATA,NO DATA,NO DATA,56.17169443287037,1348,73.82830556712963,1772,289.2572867513607,1102
286,NO DATA,NO DATA,NO DATA,NO DATA,NO DATA,56.191984444444444,1349,73.80801555555556,1771,289.2572867513607,1102
287,NO DATA,NO DATA,NO DATA,NO DATA,NO DATA,56.192535625,1349,73.807464375,1771,289.2572867513605,1102
288,NO DATA,NO DATA,NO DATA,NO DATA,NO DATA,56.21337378472222,1349,73.78662621527778,1771,289.2572867513605,1102
289,NO DATA,NO DATA,NO DATA,NO DATA,NO DATA,56.23365707175926,1350,73.76634292824075,1770,289.2572867513607,1102
290,NO DATA,NO DATA,NO DATA,NO DATA,NO DATA,56.2342012962963,1350,73.76579870370371,1770,289.2572867513605,1102
291,NO DATA,NO DATA,NO DATA,NO DATA,NO DATA,56.25504030092593,1350,73.74495969907407,1770,289.2572867513607,1102
292,NO DATA,NO DATA,NO DATA,NO DATA,NO DATA,56.27532546296296,1351,73.72467453703703,1769,289.25728675136065,1102
293,NO DATA,NO DATA,NO DATA,NO DATA,NO DATA,56.27588637731481,1351,73.72411362268518,1769,289.25728675136065,1102
294,NO DATA,NO DATA,NO DATA,NO DATA,NO DATA,56.29673697916667,1351,73.70326302083333,1769,289.2572867513607,1102
295,NO DATA,NO DATA,NO DATA,NO DATA,NO DATA,56.31699322916667,1352,73.68300677083333,1768,289.25265880217745,1102
296,NO DATA,NO DATA,NO DATA,NO DATA,NO DATA,56.31753944444444,1352,73.68246055555555,1768,289.25265880217745,1102
297,NO DATA,NO DATA,NO DATA,NO DATA,NO DATA,56.33838229166667,1352,73.66161770833334,1768,289.25265880217745,1102
298,NO DATA,NO DATA,NO DATA,NO DATA,NO DATA,56.3587187037037,1353,73.6412812962963,1767,289.25265880217745,1102
299,NO DATA,NO DATA,NO DATA,NO DATA,NO DATA,56.35924202546296,1353,73.64075797453704,1767,289.25265880217745,1102
300,NO DATA,NO DATA,NO DATA,NO DATA,NO DATA,56.38005361111111,1353,73.61994638888889,1767,289.25265880217745,1102
301,NO DATA,NO DATA,NO DATA,NO DATA,NO DATA,56.40033045138889,1354,73.59966954861112,1766,289.2526588021771,1102
302,NO DATA,NO DATA,NO DATA,NO DATA,NO DATA,56.40086493055556,1354,73.59913506944444,1766,289.2526588021772,1102
303,NO DATA,NO DATA,NO DATA,NO DATA,NO DATA,56.42172395833333,1354,73.57827604166667,1766,289.2281578947364,1102
304,NO DATA,NO DATA,NO DATA,NO DATA,NO DATA,56.44199701388889,1355,73.5580029861111,1765,289.2281578947362,1102
305,NO DATA,NO DATA,NO DATA,NO DATA,NO DATA,56.44253439814815,1355,73.55746560185185,1765,289.2281578947362,1102
306,NO DATA,NO DATA,NO DATA,NO DATA,NO DATA,56.46338490740741,1355,73.5366150925926,1765,289.29103542234276,1101
307,NO DATA,NO DATA,NO DATA,NO DATA,NO DATA,56.483686666666664,1356,73.51631333333333,1764,289.28649409627576,1101
308,NO DATA,NO DATA,NO DATA,NO DATA,NO DATA,56.48421381944444,1356,73.51578618055555,1764,289.2864940962757,1101
309,NO DATA,NO DATA,NO DATA,NO DATA,NO DATA,56.5050612962963,1356,73.49493870370371,1764,289.26333333333287,1101
310,NO DATA,NO DATA,NO DATA,NO DATA,NO DATA,56.52531695601852,1357,73.47468304398149,1763,289.2313442325154,1101
311,NO DATA,NO DATA,NO DATA,NO DATA,NO DATA,56.52587743055555,1357,73.47412256944445,1763,289.2313442325154,1101
312,NO DATA,NO DATA,NO DATA,NO DATA,NO DATA,56.54670756944444,1357,73.45329243055555,1763,288.5753031674203,1105
313,NO DATA,NO DATA,NO DATA,NO DATA,NO DATA,56.567001041666664,1358,73.43299895833333,1762,288.46453393665087,1105
314,NO DATA,NO DATA,NO DATA,NO DATA,NO DATA,56.56757846064815,1358,73.43242153935185,1762,288.46453393665087,1105
315,NO DATA,NO DATA,NO DATA,NO DATA,NO DATA,56.58840333333333,1358,73.41159666666667,1762,288.4645339366511,1105
316,NO DATA,NO DATA,NO DATA,NO DATA,NO DATA,56.60866042824074,1359,73.39133957175926,1761,288.15285198555904,1108
317,NO DATA,NO DATA,NO DATA,NO DATA,NO DATA,56.60924710648148,1359,73.39075289351852,1761,288.15285198555904,1108
318,NO DATA,NO DATA,NO DATA,NO DATA,NO DATA,56.63007695601852,1359,73.36992304398149,1761,288.1528519855588,1108
319,NO DATA,NO DATA,NO DATA,NO DATA,NO DATA,56.65035739583333,1360,73.34964260416666,1760,288.1528519855591,1108
320,NO DATA,NO DATA,NO DATA,NO DATA,NO DATA,56.65090380787037,1360,73.34909619212964,1760,288.15285198555904,1108
321,NO DATA,NO DATA,NO DATA,NO DATA,NO DATA,56.67179511574074,1360,73.32820488425926,1760,288.1528519855587,1108
322,NO DATA,NO DATA,NO DATA,NO DATA,NO DATA,56.692001921296296,1361,73.3079980787037,1759,288.1528519855591,1108
323,NO DATA,NO DATA,NO DATA,NO DATA,NO DATA,56.69257710648148,1361,73.30742289351852,1759,288.1528519855591,1108
324,NO DATA,NO DATA,NO DATA,NO DATA,NO DATA,56.713439074074074,1361,73.28656092592593,1759,288.08967509025234,1108
325,NO DATA,NO DATA,NO DATA,NO DATA,NO DATA,56.73366748842592,1362,73.26633251157408,1758,288.08967509025223,1108
326,NO DATA,NO DATA,NO DATA,NO DATA,NO DATA,56.73425133101852,1362,73.26574866898149,1758,288.08967509025223,1108
327,NO DATA,NO DATA,NO DATA,NO DATA,NO DATA,56.75506392361111,1362,73.24493607638888,1758,288.4135262206141,1106
328,NO DATA,NO DATA,NO DATA,NO DATA,NO DATA,56.77533274305556,1363,73.22466725694444,1757,288.28441229656335,1106
329,NO DATA,NO DATA,NO DATA,NO DATA,NO DATA,56.77594501157407,1363,73.22405498842592,1757,288.28441229656335,1106
330,NO DATA,NO DATA,NO DATA,NO DATA,NO DATA,56.796736527777774,1363,73.20326347222222,1757,288.28441229656374,1106
331,NO DATA,NO DATA,NO DATA,NO DATA,NO DATA,56.81701591435185,1364,73.18298408564814,1756,288.32428571428494,1106
332,NO DATA,NO DATA,NO DATA,NO DATA,NO DATA,56.81759625,1364,73.18240375,1756,288.32428571428494,1106
333,NO DATA,NO DATA,NO DATA,NO DATA,NO DATA,56.83843734953704,1364,73.16156265046297,1756,288.53815384615353,1105
334,NO DATA,NO DATA,NO DATA,NO DATA,NO DATA,56.85867231481482,1365,73.14132768518519,1755,288.5607782805425,1105
335,NO DATA,NO DATA,NO DATA,NO DATA,NO DATA,56.859267789351854,1365,73.14073221064815,1755,288.5607782805425,1105
336,NO DATA,NO DATA,NO DATA,NO DATA,NO DATA,56.88010333333333,1365,73.11989666666666,1755,288.56077828054254,1105
337,NO DATA,NO DATA,NO DATA,NO DATA,NO DATA,56.90033670138889,1366,73.0996632986111,1754,288.5499185520354,1105
338,NO DATA,NO DATA,NO DATA,NO DATA,NO DATA,56.90091988425926,1366,73.09908011574075,1754,288.5499185520354,1105
339,NO DATA,NO DATA,NO DATA,NO DATA,NO DATA,56.92173846064815,1366,73.07826153935186,1754,288.5499185520357,1105
340,NO DATA,NO DATA,NO DATA,NO DATA,NO DATA,56.94199753472222,1367,73.05800246527778,1753,288.5499185520357,1105
341,NO DATA,NO DATA,NO DATA,NO DATA,NO DATA,56.94258849537037,1367,73.05741150462963,1753,288.5499185520357,1105
342,NO DATA,NO DATA,NO DATA,NO DATA,NO DATA,56.96343810185185,1367,73.03656189814815,1753,287.97580995475056,1105
343,NO DATA,NO DATA,NO DATA,NO DATA,NO DATA,56.98366939814815,1368,73.01633060185185,1752,287.97580995475033,1105
344,NO DATA,NO DATA,NO DATA,NO DATA,NO DATA,56.98426375,1368,73.01573625,1752,287.97580995475033,1105
345,NO DATA,NO DATA,NO DATA,NO DATA,NO DATA,57.005095625,1368,72.994904375,1752,287.97580995475033,1105
346,NO DATA,NO DATA,NO DATA,NO DATA,NO DATA,57.02532600694445,1369,72.97467399305556,1751,287.9758099547506,1105
347,NO DATA,NO DATA,NO DATA,NO DATA,NO DATA,57.025910752314815,1369,72.97408924768519,1751,287.9758099547506,1105
348,NO DATA,NO DATA,NO DATA,NO DATA,NO DATA,57.04679486111111,1369,72.95320513888889,1751,287.97580995475033,1105
349,NO DATA,NO DATA,NO DATA,NO DATA,NO DATA,57.0670009837963,1370,72.93299901620371,1750,287.9758099547506,1105
350,NO DATA,NO DATA,NO DATA,NO DATA,NO DATA,57.06760657407408,1370,72.93239342592592,1750,287.9758099547506,1105
351,NO DATA,NO DATA,NO DATA,NO DATA,NO DATA,57.08842471064815,1370,72.91157528935186,1750,287.9758099547507,1105
352,NO DATA,NO DATA,NO DATA,NO DATA,NO DATA,57.108674444444446,1371,72.89132555555555,1749,287.97580995475056,1105
353,NO DATA,NO DATA,NO DATA,NO DATA,NO DATA,57.10925314814815,1371,72.89074685185186,1749,287.97580995475056,1105
354,NO DATA,NO DATA,NO DATA,NO DATA,NO DATA,57.13017289351852,1371,72.86982710648148,1749,287.9758099547506,1105
355,NO DATA,NO DATA,NO DATA,NO DATA,NO DATA,57.150339502314814,1372,72.84966049768518,1748,287.9758099547507,1105
356,NO DATA,NO DATA,NO DATA,NO DATA,NO DATA,57.15094657407408,1372,72.84905342592593,1748,287.9758099547507,1105
357,NO DATA,NO DATA,NO DATA,NO DATA,NO DATA,57.17179545138889,1372,72.82820454861111,1748,287.97580995475033,1105
358,NO DATA,NO DATA,NO DATA,NO DATA,NO DATA,57.19200618055556,1373,72.80799381944445,1747,287.97580995475033,1105
359,NO DATA,NO DATA,NO DATA,NO DATA,NO DATA,57.19259525462963,1373,72.80740474537038,1747,287.97580995475033,1105
360,NO DATA,NO DATA,NO DATA,NO DATA,NO DATA,57.21346011574074,1373,72.78653988425926,1747,287.9758099547506,1105
361,NO DATA,NO DATA,NO DATA,NO DATA,NO DATA,57.23367228009259,1374,72.76632771990741,1746,287.9758099547506,1105
362,NO DATA,NO DATA,NO DATA,NO DATA,NO DATA,57.23427550925926,1374,72.76572449074074,1746,287.9758099547506,1105
363,NO DATA,NO DATA,NO DATA,NO DATA,NO DATA,57.2551959837963,1374,72.7448040162037,1746,287.97580995475045,1105
364,NO DATA,NO DATA,NO DATA,NO DATA,NO DATA,57.27534137731482,1375,72.72465862268518,1745,287.9758099547506,1105
365,NO DATA,NO DATA,NO DATA,NO DATA,NO DATA,57.27596931712963,1375,72.72403068287036,1745,287.9758099547506,1105
366,NO DATA,NO DATA,NO DATA,NO DATA,NO DATA,57.29683630787037,1375,72.70316369212964,1745,287.9758099547508,1105
367,NO DATA,NO DATA,NO DATA,NO DATA,NO DATA,57.317004421296296,1376,72.68299557870371,1744,287.9758099547506,1105
368,NO DATA,NO DATA,NO DATA,NO DATA,NO DATA,57.3176190625,1376,72.6823809375,1744,287.9758099547506,1105
369,NO DATA,NO DATA,NO DATA,NO DATA,NO DATA,57.33844571759259,1376,72.66155428240741,1744,287.9758099547507,1105
370,NO DATA,NO DATA,NO DATA,NO DATA,NO DATA,57.35867413194445,1377,72.64132586805556,1743,287.9758099547506,1105
371,NO DATA,NO DATA,NO DATA,NO DATA,NO DATA,57.35928215277778,1377,72.64071784722222,1743,287.9758099547506,1105
372,NO DATA,NO DATA,NO DATA,NO DATA,NO DATA,57.38013577546296,1377,72.61986422453704,1743,287.9577104072393,1105
373,NO DATA,NO DATA,NO DATA,NO DATA,NO DATA,57.40034091435185,1378,72.59965908564814,1742,287.99752941176394,1105
374,NO DATA,NO DATA,NO DATA,NO DATA,NO DATA,57.40095034722222,1378,72.59904965277778,1742,287.99752941176394,1105
375,NO DATA,NO DATA,NO DATA,NO DATA,NO DATA,57.42179707175926,1378,72.57820292824074,1742,287.9975294117642,1105
376,NO DATA,NO DATA,NO DATA,NO DATA,NO DATA,57.442010671296295,1379,72.5579893287037,1741,288.1524184782601,1104
377,NO DATA,NO DATA,NO DATA,NO DATA,NO DATA,57.44263605324074,1379,72.55736394675925,1741,288.15241847826013,1104
378,NO DATA,NO DATA,NO DATA,NO DATA,NO DATA,57.46348042824074,1379,72.53651957175926,1741,288.1465307971011,1104
379,NO DATA,NO DATA,NO DATA,NO DATA,NO DATA,57.48367679398148,1380,72.51632320601851,1740,288.1465307971009,1104
380,NO DATA,NO DATA,NO DATA,NO DATA,NO DATA,57.484296030092594,1380,72.5157039699074,1740,288.1465307971009,1104
381,NO DATA,NO DATA,NO DATA,NO DATA,NO DATA,57.5051675462963,1380,72.49483245370371,1740,288.0025090579705,1104
382,NO DATA,NO DATA,NO DATA,NO DATA,NO DATA,57.525348136574074,1381,72.47465186342592,1739,288.00250905797037,1104
383,NO DATA,NO DATA,NO DATA,NO DATA,NO DATA,57.525960902777776,1381,72.47403909722222,1739,288.00250905797037,1104
384,NO DATA,NO DATA,NO DATA,NO DATA,NO DATA,57.54682988425926,1381,72.45317011574075,1739,287.98439311594154,1104
385,NO DATA,NO DATA,NO DATA,NO DATA,NO DATA,57.56701238425926,1382,72.43298761574074,1738,287.784664855072,1104
386,NO DATA,NO DATA,NO DATA,NO DATA,NO DATA,57.56765256944445,1382,72.43234743055555,1738,287.784664855072,1104
387,NO DATA,NO DATA,NO DATA,NO DATA,NO DATA,57.588487002314814,1382,72.41151299768518,1738,287.784664855072,1104
388,NO DATA,NO DATA,NO DATA,NO DATA,NO DATA,57.608670983796294,1383,72.3913290162037,1737,288.1809255898362,1102
389,NO DATA,NO DATA,NO DATA,NO DATA,NO DATA,57.6093359837963,1383,72.3906640162037,1737,288.180925589836,1102
390,NO DATA,NO DATA,NO DATA,NO DATA,NO DATA,57.630165902777776,1383,72.36983409722222,1737,288.1899999999996,1102
391,NO DATA,NO DATA,NO DATA,NO DATA,NO DATA,57.65034300925926,1384,72.34965699074074,1736,288.0893738656984,1102
392,NO DATA,NO DATA,NO DATA,NO DATA,NO DATA,57.65098097222222,1384,72.34901902777777,1736,288.0893738656984,1102
393,NO DATA,NO DATA,NO DATA,NO DATA,NO DATA,57.671819837962964,1384,72.32818016203704,1736,288.0893738656983,1102
394,NO DATA,NO DATA,NO DATA,NO DATA,NO DATA,57.68598361111111,1384,72.31401638888889,1736,288.08937386569806,1102
395,NO DATA,NO DATA,NO DATA,NO DATA,NO DATA,57.784448356481484,1387,72.21555164351852,1733,288.0195009074405,1102
396,NO DATA,NO DATA,NO DATA,NO DATA,NO DATA,57.815669525462965,1388,72.18433047453703,1732,288.2284196185283,1101
397,NO DATA,NO DATA,NO DATA,NO DATA,NO DATA,57.84695111111111,1388,72.15304888888889,1732,288.39046363636334,1100
398,NO DATA,NO DATA,NO DATA,NO DATA,NO DATA,57.878201770833336,1389,72.12179822916667,1731,288.382636363636,1100
399,NO DATA,NO DATA,NO DATA,NO DATA,NO DATA,57.909428993055556,1390,72.09057100694444,1730,288.3826363636361,1100
400,NO DATA,NO DATA,NO DATA,NO DATA,NO DATA,57.94069168981481,1391,72.05930831018519,1729,288.8031967213109,1098
401,NO DATA,NO DATA,NO DATA,NO DATA,NO DATA,57.97201303240741,1391,72.0279869675926,1729,288.80319672131105,1098
402,NO DATA,NO DATA,NO DATA,NO DATA,NO DATA,57.98418703703704,1392,72.01581296296297,1728,288.80319672131094,1098
403,NO DATA,NO DATA,NO DATA,NO DATA,NO DATA,58.04667386574074,1393,71.95332613425926,1727,288.7805646630233,1098
404,NO DATA,NO DATA,NO DATA,NO DATA,NO DATA,58.10918069444445,1395,71.89081930555555,1725,288.7805646630232,1098
405,NO DATA,NO DATA,NO DATA,NO DATA,NO DATA,58.171668368055556,1396,71.82833163194445,1724,288.7805646630231,1098
406,NO DATA,NO DATA,NO DATA,NO DATA,NO DATA,58.234180011574075,1398,71.76581998842593,1722,288.7805646630231,1098
407,NO DATA,NO DATA,NO DATA,NO DATA,NO DATA,58.29671072916667,1399,71.70328927083334,1721,288.7805646630233,1098
408,NO DATA,NO DATA,NO DATA,NO DATA,NO DATA,58.35920149305556,1401,71.64079850694445,1719,288.7805646630233,1098
409,NO DATA,NO DATA,NO DATA,NO DATA,NO DATA,58.42168255787037,1402,71.57831744212963,1718,288.7532422586516,1098
410,NO DATA,NO DATA,NO DATA,NO DATA,NO DATA,58.48415875,1404,71.51584125,1716,288.6302914389795,1098
411,NO DATA,NO DATA,NO DATA,NO DATA,NO DATA,58.54668981481481,1405,71.45331018518519,1715,288.45052775250196,1099
412,NO DATA,NO DATA,NO DATA,NO DATA,NO DATA,58.6091996875,1407,71.3908003125,1713,288.5866393442617,1098
413,NO DATA,NO DATA,NO DATA,NO DATA,NO DATA,58.67168568287037,1408,71.32831431712962,1712,288.583916211293,1098
414,NO DATA,NO DATA,NO DATA,NO DATA,NO DATA,58.73418793981482,1410,71.26581206018518,1710,288.48139344262245,1098
415,NO DATA,NO DATA,NO DATA,NO DATA,NO DATA,58.79671270833333,1411,71.20328729166667,1709,288.8785310218975,1096
416,NO DATA,NO DATA,NO DATA,NO DATA,NO DATA,58.85917575231481,1413,71.14082424768519,1707,289.1333363802556,1094
417,NO DATA,NO DATA,NO DATA,NO DATA,NO DATA,58.92166893518519,1414,71.07833106481482,1706,288.9596986301364,1095
418,NO DATA,NO DATA,NO DATA,NO DATA,NO DATA,58.984176041666665,1416,71.01582395833333,1704,288.9596986301364,1095
419,NO DATA,NO DATA,NO DATA,NO DATA,NO DATA,59.046778449074075,1417,70.95322155092593,1703,288.9596986301364,1095
420,NO DATA,NO DATA,NO DATA,NO DATA,NO DATA,59.109189074074074,1419,70.89081092592592,1701,288.95969863013664,1095
421,NO DATA,NO DATA,NO DATA,NO DATA,NO DATA,59.17170339120371,1420,70.8282966087963,1700,288.9596986301365,1095
422,NO DATA,NO DATA,NO DATA,NO DATA,NO DATA,59.23420914351852,1422,70.76579085648149,1698,288.95969863013653,1095
423,NO DATA,NO DATA,NO DATA,NO DATA,NO DATA,59.29671644675926,1423,70.70328355324074,1697,288.95969863013653,1095
424,NO DATA,NO DATA,NO DATA,NO DATA,NO DATA,59.35924353009259,1425,70.6407564699074,1695,288.9596986301364,1095
425,NO DATA,NO DATA,NO DATA,NO DATA,NO DATA,59.421694699074074,1426,70.57830530092592,1694,288.90790867579875,1095
426,NO DATA,NO DATA,NO DATA,NO DATA,NO DATA,59.48418755787037,1428,70.51581244212963,1692,288.8348493150679,1095
427,NO DATA,NO DATA,NO DATA,NO DATA,NO DATA,59.54670703703704,1429,70.45329296296296,1691,288.83273059360636,1095
428,NO DATA,NO DATA,NO DATA,NO DATA,NO DATA,59.6093134837963,1431,70.3906865162037,1689,289.00716636197376,1094
429,NO DATA,NO DATA,NO DATA,NO DATA,NO DATA,59.67170252314815,1432,70.32829747685186,1688,289.0071663619734,1094
430,NO DATA,NO DATA,NO DATA,NO DATA,NO DATA,59.734214039351855,1434,70.26578596064815,1686,289.0071663619738,1094
431,NO DATA,NO DATA,NO DATA,NO DATA,NO DATA,59.79671962962963,1435,70.20328037037036,1685,289.0071663619738,1094
432,NO DATA,NO DATA,NO DATA,NO DATA,NO DATA,59.85920327546296,1437,70.14079672453704,1683,288.9706032906755,1094
433,NO DATA,NO DATA,NO DATA,NO DATA,NO DATA,59.92169730324074,1438,70.07830269675927,1682,288.84367123287575,1095
434,NO DATA,NO DATA,NO DATA,NO DATA,NO DATA,59.98423049768518,1440,70.01576950231481,1680,289.0174314442406,1094
435,NO DATA,NO DATA,NO DATA,NO DATA,NO DATA,60.046731064814814,1441,69.95326893518518,1679,288.9717276051179,1094
436,NO DATA,NO DATA,NO DATA,NO DATA,NO DATA,60.10923049768518,1443,69.89076950231481,1677,288.9717276051179,1094
437,NO DATA,NO DATA,NO DATA,NO DATA,NO DATA,60.17173528935185,1444,69.82826471064814,1676,288.9671572212059,1094
438,NO DATA,NO DATA,NO DATA,NO DATA,NO DATA,60.234244340277776,1446,69.76575565972222,1674,288.9671572212058,1094
439,NO DATA,NO DATA,NO DATA,NO DATA,NO DATA,60.29672576388889,1447,69.70327423611111,1673,288.9584734917724,1094
440,NO DATA,NO DATA,NO DATA,NO DATA,NO DATA,60.35924570601852,1449,69.64075429398149,1671,288.9401919561236,1094
441,NO DATA,NO DATA,NO DATA,NO DATA,NO DATA,60.42178818287037,1450,69.57821181712963,1670,288.81330593607237,1095
442,NO DATA,NO DATA,NO DATA,NO DATA,NO DATA,60.48422320601852,1452,69.51577679398149,1668,288.8133059360724,1095
443,NO DATA,NO DATA,NO DATA,NO DATA,NO DATA,60.54672994212963,1453,69.45327005787037,1667,288.81330593607237,1095
444,NO DATA,NO DATA,NO DATA,NO DATA,NO DATA,60.60926649305556,1455,69.39073350694444,1665,289.01788848263186,1094
445,NO DATA,NO DATA,NO DATA,NO DATA,NO DATA,60.67173138888889,1456,69.32826861111111,1664,288.9932084095054,1094
446,NO DATA,NO DATA,NO DATA,NO DATA,NO DATA,60.734244618055556,1458,69.26575538194444,1662,288.98772394881075,1094
447,NO DATA,NO DATA,NO DATA,NO DATA,NO DATA,60.796819016203706,1459,69.2031809837963,1661,288.9877239488111,1094
448,NO DATA,NO DATA,NO DATA,NO DATA,NO DATA,60.85927005787037,1461,69.14072994212962,1659,288.945274223034,1094
449,NO DATA,NO DATA,NO DATA,NO DATA,NO DATA,60.92175650462963,1462,69.07824349537037,1658,287.70277676950934,1102
450,NO DATA,NO DATA,NO DATA,NO DATA,NO DATA,60.984260300925925,1464,69.01573969907408,1656,287.7027767695091,1102
451,NO DATA,NO DATA,NO DATA,NO DATA,NO DATA,61.046754988425924,1465,68.95324501157407,1655,287.48864130434697,1104
452,NO DATA,NO DATA,NO DATA,NO DATA,NO DATA,61.1092533912037,1467,68.89074660879629,1653,287.48864130434686,1104
453,NO DATA,NO DATA,NO DATA,NO DATA,NO DATA,61.17176576388889,1468,68.82823423611111,1652,287.4886413043471,1104
454,NO DATA,NO DATA,NO DATA,NO DATA,NO DATA,61.23425335648148,1470,68.76574664351853,1650,287.488641304347,1104
455,NO DATA,NO DATA,NO DATA,NO DATA,NO DATA,61.296770960648146,1471,68.70322903935185,1649,287.4886413043472,1104
456,NO DATA,NO DATA,NO DATA,NO DATA,NO DATA,61.35927326388889,1473,68.6407267361111,1647,287.4886413043471,1104
457,NO DATA,NO DATA,NO DATA,NO DATA,NO DATA,61.421754328703706,1474,68.5782456712963,1646,287.70119673617336,1103
458,NO DATA,NO DATA,NO DATA,NO DATA,NO DATA,61.484238796296296,1476,68.5157612037037,1644,287.87879310344766,1102
459,NO DATA,NO DATA,NO DATA,NO DATA,NO DATA,61.546752824074076,1477,68.45324717592592,1643,287.87879310344766,1102
460,NO DATA,NO DATA,NO DATA,NO DATA,NO DATA,61.609253923611114,1479,68.3907460763889,1641,287.8787931034474,1102
461,NO DATA,NO DATA,NO DATA,NO DATA,NO DATA,61.67176359953704,1480,68.32823640046297,1640,287.864274047186,1102
462,NO DATA,NO DATA,NO DATA,NO DATA,NO DATA,61.73429336805555,1482,68.26570663194444,1638,287.86427404718637,1102
463,NO DATA,NO DATA,NO DATA,NO DATA,NO DATA,61.79683181712963,1483,68.20316818287037,1637,287.874255898366,1102
464,NO DATA,NO DATA,NO DATA,NO DATA,NO DATA,61.85927659722222,1485,68.14072340277778,1635,287.8742558983657,1102
465,NO DATA,NO DATA,NO DATA,NO DATA,NO DATA,61.92179965277778,1486,68.07820034722222,1634,288.24278181818124,1100
466,NO DATA,NO DATA,NO DATA,NO DATA,NO DATA,61.98425686342593,1488,68.01574313657407,1632,288.24278181818096,1100
467,NO DATA,NO DATA,NO DATA,NO DATA,NO DATA,62.04680829861111,1489,67.95319170138889,1631,288.2427818181809,1100
468,NO DATA,NO DATA,NO DATA,NO DATA,NO DATA,62.10927660879629,1491,67.89072339120371,1629,288.24278181818113,1100
469,NO DATA,NO DATA,NO DATA,NO DATA,NO DATA,62.17178091435185,1492,67.82821908564814,1628,288.24278181818113,1100
470,NO DATA,NO DATA,NO DATA,NO DATA,NO DATA,62.23427969907407,1494,67.76572030092592,1626,288.24278181818124,1100
471,NO DATA,NO DATA,NO DATA,NO DATA,NO DATA,62.29675414351852,1495,67.70324585648149,1625,288.24278181818124,1100
472,NO DATA,NO DATA,NO DATA,NO DATA,NO DATA,62.35926376157408,1497,67.64073623842593,1623,288.24278181818113,1100
473,NO DATA,NO DATA,NO DATA,NO DATA,NO DATA,62.42176738425926,1498,67.57823261574075,1622,288.24278181818124,1100
474,NO DATA,NO DATA,NO DATA,NO DATA,NO DATA,62.484285613425925,1500,67.51571438657407,1620,288.2427818181809,1100
475,NO DATA,NO DATA,NO DATA,NO DATA,NO DATA,62.54680462962963,1501,67.45319537037037,1619,288.4513739763412,1099
476,NO DATA,NO DATA,NO DATA,NO DATA,NO DATA,62.60931871527778,1503,67.39068128472222,1617,288.2800545454536,1100
477,NO DATA,NO DATA,NO DATA,NO DATA,NO DATA,62.67180653935185,1504,67.32819346064815,1616,288.2800545454539,1100
478,NO DATA,NO DATA,NO DATA,NO DATA,NO DATA,62.73430905092592,1506,67.26569094907407,1614,288.28005454545365,1100
479,NO DATA,NO DATA,NO DATA,NO DATA,NO DATA,62.796787002314815,1507,67.20321299768518,1613,288.4932302092803,1099
480,NO DATA,NO DATA,NO DATA,NO DATA,NO DATA,62.85934488425926,1509,67.14065511574074,1611,288.49323020928034,1099
481,NO DATA,NO DATA,NO DATA,NO DATA,NO DATA,62.92181134259259,1510,67.07818865740741,1610,288.57421292083654,1099
482,NO DATA,NO DATA,NO DATA,NO DATA,NO DATA,62.98430236111111,1512,67.0156976388889,1608,288.7505100182141,1098
483,NO DATA,NO DATA,NO DATA,NO DATA,NO DATA,63.046858703703705,1513,66.9531412962963,1607,288.74140255009047,1098
484,NO DATA,NO DATA,NO DATA,NO DATA,NO DATA,63.10931530092593,1515,66.89068469907407,1605,288.74140255009036,1098
485,NO DATA,NO DATA,NO DATA,NO DATA,NO DATA,63.171820324074076,1516,66.82817967592592,1604,288.74140255009047,1098
486,NO DATA,NO DATA,NO DATA,NO DATA,NO DATA,63.23435155092593,1518,66.76564844907408,1602,288.74140255009036,1098
487,NO DATA,NO DATA,NO DATA,NO DATA,NO DATA,63.29682045138889,1519,66.70317954861112,1601,288.74140255009036,1098
488,NO DATA,NO DATA,NO DATA,NO DATA,NO DATA,63.35929756944444,1521,66.64070243055555,1599,288.74140255009024,1098
489,NO DATA,NO DATA,NO DATA,NO DATA,NO DATA,63.42182482638889,1522,66.57817517361111,1598,288.74140255009024,1098
490,NO DATA,NO DATA,NO DATA,NO DATA,NO DATA,63.484344988425924,1524,66.51565501157407,1596,288.73684881602856,1098
491,NO DATA,NO DATA,NO DATA,NO DATA,NO DATA,63.54685084490741,1525,66.45314915509259,1595,288.5578870673946,1098
492,NO DATA,NO DATA,NO DATA,NO DATA,NO DATA,63.60931199074074,1527,66.39068800925926,1593,288.4250728597444,1098
493,NO DATA,NO DATA,NO DATA,NO DATA,NO DATA,63.671908171296295,1528,66.3280918287037,1592,288.03429999999906,1100
494,NO DATA,NO DATA,NO DATA,NO DATA,NO DATA,63.73433380787037,1530,66.26566619212963,1590,288.0533909090903,1100
495,NO DATA,NO DATA,NO DATA,NO DATA,NO DATA,63.79683555555555,1531,66.20316444444444,1589,288.05339090909,1100
496,NO DATA,NO DATA,NO DATA,NO DATA,NO DATA,63.85932715277778,1533,66.14067284722222,1587,288.24883424407955,1098
497,NO DATA,NO DATA,NO DATA,NO DATA,NO DATA,63.921828125,1534,66.078171875,1586,288.38164845172975,1098
498,NO DATA,NO DATA,NO DATA,NO DATA,NO DATA,63.984350613425924,1536,66.01564938657407,1584,288.37709471766755,1098
499,NO DATA,NO DATA,NO DATA,NO DATA,NO DATA,64.04685953703704,1537,65.95314046296296,1583,288.37436247723065,1098
500,NO DATA,NO DATA,NO DATA,NO DATA,NO DATA,64.10934049768518,1539,65.89065950231482,1581,288.37436247723076,1098
501,NO DATA,NO DATA,NO DATA,NO DATA,NO DATA,64.17180398148147,1540,65.82819601851853,1580,288.3770947176679,1098
502,NO DATA,NO DATA,NO DATA,NO DATA,NO DATA,64.23430770833333,1542,65.76569229166667,1578,288.3770947176678,1098
503,NO DATA,NO DATA,NO DATA,NO DATA,NO DATA,64.2968195949074,1543,65.7031804050926,1577,288.3770947176678,1098
504,NO DATA,NO DATA,NO DATA,NO DATA,NO DATA,64.35934979166667,1545,65.64065020833333,1575,288.37709471766755,1098
505,NO DATA,NO DATA,NO DATA,NO DATA,NO DATA,64.42184116898149,1546,65.57815883101851,1574,288.3770947176679,1098
506,NO DATA,NO DATA,NO DATA,NO DATA,NO DATA,64.48438383101852,1548,65.51561616898148,1572,288.948810612991,1093
507,NO DATA,NO DATA,NO DATA,NO DATA,NO DATA,64.54685100694445,1549,65.45314899305555,1571,287.9938615664839,1098
508,NO DATA,NO DATA,NO DATA,NO DATA,NO DATA,64.6093353125,1551,65.3906646875,1569,288.15701914311694,1097
509,NO DATA,NO DATA,NO DATA,NO DATA,NO DATA,64.6718506712963,1552,65.3281493287037,1568,288.14584854014527,1096
510,NO DATA,NO DATA,NO DATA,NO DATA,NO DATA,64.73436611111111,1554,65.26563388888889,1566,294.5337693798442,1032
511,NO DATA,NO DATA,NO DATA,NO DATA,NO DATA,64.79687835648149,1555,65.20312164351851,1565,294.533769379844,1032
512,NO DATA,NO DATA,NO DATA,NO DATA,NO DATA,64.85933398148148,1557,65.14066601851852,1563,292.5389351403671,1033
513,NO DATA,NO DATA,NO DATA,NO DATA,NO DATA,64.9218497337963,1558,65.0781502662037,1562,289.02451858913173,1049
514,NO DATA,NO DATA,NO DATA,NO DATA,NO DATA,64.98436230324074,1560,65.01563769675926,1560,288.50304182509404,1052
515,NO DATA,NO DATA,NO DATA,NO DATA,NO DATA,65.04684851851852,1561,64.95315148148148,1559,288.50304182509404,1052
516,NO DATA,NO DATA,NO DATA,NO DATA,NO DATA,65.10935284722223,1563,64.89064715277777,1557,288.50304182509404,1052
517,NO DATA,NO DATA,NO DATA,NO DATA,NO DATA,65.17187097222222,1564,64.82812902777778,1556,288.50304182509404,1052
518,NO DATA,NO DATA,NO DATA,NO DATA,NO DATA,65.2343647337963,1566,64.7656352662037,1554,288.5030418250941,1052
519,NO DATA,NO DATA,NO DATA,NO DATA,NO DATA,65.29694070601852,1567,64.70305929398148,1553,288.50304182509404,1052
520,NO DATA,NO DATA,NO DATA,NO DATA,NO DATA,65.35936245370371,1569,64.64063754629629,1551,288.3711574952554,1054
521,NO DATA,NO DATA,NO DATA,NO DATA,NO DATA,65.42187027777777,1570,64.57812972222223,1550,288.5438746438738,1053
522,NO DATA,NO DATA,NO DATA,NO DATA,NO DATA,65.48435355324074,1572,64.51564644675926,1548,288.60279467680505,1052
523,NO DATA,NO DATA,NO DATA,NO DATA,NO DATA,65.54687841435185,1573,64.45312158564815,1547,288.64329847908675,1052
524,NO DATA,NO DATA,NO DATA,NO DATA,NO DATA,65.60935670138889,1575,64.39064329861111,1545,288.5691539923948,1052
525,NO DATA,NO DATA,NO DATA,NO DATA,NO DATA,65.67188049768518,1576,64.32811950231482,1544,288.5691539923948,1052
526,NO DATA,NO DATA,NO DATA,NO DATA,NO DATA,65.73443591435185,1578,64.26556408564815,1542,288.5682034220526,1052
527,NO DATA,NO DATA,NO DATA,NO DATA,NO DATA,65.79688039351852,1579,64.20311960648148,1541,288.762369172216,1051
528,NO DATA,NO DATA,NO DATA,NO DATA,NO DATA,65.85947145833333,1581,64.14052854166667,1539,288.76236917221604,1051
529,NO DATA,NO DATA,NO DATA,NO DATA,NO DATA,65.9218867361111,1582,64.0781132638889,1538,288.76236917221627,1051
530,NO DATA,NO DATA,NO DATA,NO DATA,NO DATA,65.98436637731481,1584,64.01563362268519,1536,288.7623691722162,1051
531,NO DATA,NO DATA,NO DATA,NO DATA,NO DATA,66.04688042824074,1585,63.95311957175926,1535,288.762369172216,1051
532,NO DATA,NO DATA,NO DATA,NO DATA,NO DATA,66.10937982638889,1587,63.89062017361111,1533,288.76236917221615,1051
533,NO DATA,NO DATA,NO DATA,NO DATA,NO DATA,66.17188056712963,1588,63.82811943287037,1532,288.76236917221604,1051
534,NO DATA,NO DATA,NO DATA,NO DATA,NO DATA,66.23438613425925,1590,63.76561386574074,1530,288.762369172216,1051
535,NO DATA,NO DATA,NO DATA,NO DATA,NO DATA,66.29687951388888,1591,63.70312048611111,1529,288.762369172216,1051
536,NO DATA,NO DATA,NO DATA,NO DATA,NO DATA,66.35938780092593,1593,63.64061219907408,1527,288.76236917221615,1051
537,NO DATA,NO DATA,NO DATA,NO DATA,NO DATA,66.42191033564815,1594,63.57808966435185,1526,288.7585632730725,1051
538,NO DATA,NO DATA,NO DATA,NO DATA,NO DATA,66.48437756944445,1596,63.51562243055555,1524,288.7614176974304,1051
539,NO DATA,NO DATA,NO DATA,NO DATA,NO DATA,66.54688775462962,1597,63.45311224537037,1523,288.76141769743015,1051
540,NO DATA,NO DATA,NO DATA,NO DATA,NO DATA,66.60940815972222,1599,63.39059184027778,1521,288.7614176974304,1051
541,NO DATA,NO DATA,NO DATA,NO DATA,NO DATA,66.67190179398148,1600,63.32809820601852,1520,288.7423501427206,1051
542,NO DATA,NO DATA,NO DATA,NO DATA,NO DATA,66.73438804398148,1602,63.26561195601852,1518,288.80522857142796,1050
543,NO DATA,NO DATA,NO DATA,NO DATA,NO DATA,66.79690511574074,1603,63.20309488425926,1517,288.80522857142785,1050
544,NO DATA,NO DATA,NO DATA,NO DATA,NO DATA,66.8594199537037,1605,63.14058004629629,1515,288.98141086749223,1049
545,NO DATA,NO DATA,NO DATA,NO DATA,NO DATA,66.9219021875,1606,63.0780978125,1514,288.98141086749206,1049
546,96,5000,409.7373504273503,685,117,66.98441626157407,1608,63.015583738425924,1512,288.58507604562647,1052
547,96,5000,409.7373504273503,685,117,67.04699005787037,1609,62.95300994212963,1511,288.5850760456266,1052
548,96,5000,409.7373504273503,685,117,67.10940563657407,1611,62.890594363425926,1509,288.5850760456266,1052
549,96,5000,409.7373504273503,685,117,67.17195604166666,1612,62.82804395833333,1508,288.5850760456266,1052
550,96,5000,409.7373504273503,685,117,67.23441694444445,1614,62.76558305555555,1506,288.5850760456266,1052
551,96,5000,407.19888888888875,685,117,67.29692616898149,1615,62.70307383101852,1505,288.02043726235667,1052
552,96,5000,407.19888888888875,685,117,67.35952644675926,1617,62.64047355324074,1503,288.0204372623568,1052
553,96,5000,407.19888888888875,685,117,67.42190653935185,1618,62.57809346064815,1502,288.37048571428494,1050
554,96,5000,409.88163793103433,682,116,67.48440900462963,1620,62.51559099537037,1500,288.2354718779782,1049
555,98,5000,410.8147413793103,680,116,67.54692809027777,1621,62.45307190972222,1499,288.2371550903893,1051
556,98,5000,410.80612068965513,680,116,67.6094391087963,1623,62.390560891203705,1497,288.23525214081747,1051
557,98,5000,410.8061206896551,680,116,67.67193708333333,1624,62.32806291666667,1496,288.0591730038015,1052
